,salary,job-name,employment,schedule
0,от 58600 до 65720,Продавец контактной торговли,Полная занятость,Вахтовый метод
1,от 35700 до 44800,Комплектовщик-Сборщик на склад цифровой техники,Полная занятость,Вахтовый метод
2,от 11182 до 20470,Фельдшер Калдусского ФЗП,Полная занятость,Полный рабочий день
3,от 25000,Резчик металла на ножницах и прессах,Полная занятость,Полный рабочий день
4,от 58100 до 64712,Сборщик на склад медикаментов,Полная занятость,Вахтовый метод
5,от 26400 до 57200,Оператор линии на производство,Полная занятость,Полный рабочий день
6,от 23000 до 24000,Токарь 5 разряда-5 разряда,Полная занятость,Сменный график
7,от 7793,артист ансамбля песни и танца,Временная,Гибкий график
8,от 25000 до 30000,Монтажник технологических трубопроводов,Полная занятость,Полный рабочий день
9,от 35000 до 38000,Сварщик технологических трубопроводов,Полная занятость,Полный рабочий день
10,от 30000,врач-терапевт,Полная занятость,Сменный график
11,от 25000,Слесарь-электромонтажник,Полная занятость,Полный рабочий день
12,от 60000,Наладчик станков и манипуляторов  с ПУ,Полная занятость,Полный рабочий день
13,от 30000,Шлифовщик,Полная занятость,Полный рабочий день
14,от 39000,Маляр,Полная занятость,Полный рабочий день
15,от 30000,Слесарь МСР,Полная занятость,Полный рабочий день
16,до 50000,Контролер ОТК   станочных  и  слесарных изделий,Полная занятость,Вахтовый метод
17,от 7500,Экскурсовод,Полная занятость,Полный рабочий день
18,от 20000 до 22000,инженер электросвязи линейно-кабельного участка,Полная занятость,Полный рабочий день
19,от 10500 до 15000,Рабочий по обслуживанию зданий,Полная занятость,Полный рабочий день
20,от 23000,Электромеханик,Полная занятость,Полный рабочий день
21,от 19000,Закройщик,Полная занятость,Полный рабочий день
22,от 18000,Швея,Полная занятость,Полный рабочий день
23,от 20000 до 30000,Ткач,Полная занятость,Сменный график
24,от 10500,Делопроизводитель,Полная занятость,Полный рабочий день
25,от 20000,Заместитель руководителя по персоналу,Полная занятость,Полный рабочий день
26,от 18000 до 18000,Администратор гостиницы (дома отдыха),Полная занятость,Сменный график
27,от 13500,Врач-фтизиатр,Полная занятость,Полный рабочий день
28,от 13500,врач-фтизиатр участковый,Полная занятость,Полный рабочий день
29,от 14040,врач-рентгенолог,Полная занятость,Полный рабочий день
30,от 14040,врач-лаборант,Полная занятость,Полный рабочий день
31,от 10175,медицинская сестра палатная,Полная занятость,Полный рабочий день
32,от 10000 до 10000,контролер охранник,Полная занятость,Сменный график
33,от 30000,Менеджер по продажам,Полная занятость,Полный рабочий день
34,от 30000 до 37000,Сварщик на ПА,Полная занятость,Полный рабочий день
35,от 23000 до 27000,Слесарь-электромонтажник,Полная занятость,Полный рабочий день
36,от 23000 до 27000,Маляр,Полная занятость,Полный рабочий день
37,от 42500,Фасовщица кондитерских изделий,Полная занятость,Вахтовый метод
38,от 25200,Стикеровщица косметики,Полная занятость,Вахтовый метод
39,от 8000 до 9300,Секретарь учебной части,Полная занятость,Полный рабочий день
40,от 23000,лаборант,Полная занятость,Полный рабочий день
41,от 35000,"Эколог проектировщик, начальник экологического отдела",Полная занятость,Полный рабочий день
42,от 21400 до 30000,главный специалист,Полная занятость,Полный рабочий день
43,от 30000 до 90000,Менеджер по продажам,Полная занятость,Полный рабочий день
44,до 95000,Водитель мусоровоза,Полная занятость,Полный рабочий день
45,от 35000 до 35000,Оператор конвейерной линии,Полная занятость,Сменный график
46,от 20000 до 25000,Укладчик-упаковщик,Полная занятость,Сменный график
47,от 50000 до 90000,Инженер-конструктор-схемотехник,Полная занятость,Полный рабочий день
48,от 35000,Заведующий складом,Полная занятость,Полный рабочий день
49,,Начальник склада (руководитель отдела),Полная занятость,Полный рабочий день
50,от 60000,Начальник электролаборатории,Полная занятость,Полный рабочий день
51,от 25000,Инженер стройконтроля,Полная занятость,Полный рабочий день
52,от 25000,Инженер ПТО (Производственно-технического отдела),Полная занятость,Полный рабочий день
53,от 20000,инженер-проектировщик,Полная занятость,Полный рабочий день
54,от 20000,Мастер электро-монтажного участка,Полная занятость,Полный рабочий день
55,от 15000,Монтажник,Полная занятость,Полный рабочий день
56,от 20000,Электромонтажник внутренних и наружных сетей электроснабжения,Полная занятость,Полный рабочий день
57,от 35000,Технолог швейного производства,Полная занятость,Полный рабочий день
58,от 35000 до 35000,Конструктор одежды,Полная занятость,Полный рабочий день
59,от 35000 до 35000,Технолог,Полная занятость,Полный рабочий день
60,от 35000 до 35000,Мастер участка,Полная занятость,Полный рабочий день
61,от 35000 до 35000,Швея,Полная занятость,Полный рабочий день
62,от 30000,Швея,Полная занятость,Полный рабочий день
63,от 22000 до 22000,Инженер-конструктор,Полная занятость,Полный рабочий день
64,от 25000,Рабочий по зданию,Полная занятость,Полный рабочий день
65,от 25000,Менеджер по продажам,Полная занятость,Полный рабочий день
66,от 40000,Водитель бензовоза,Полная занятость,Вахтовый метод
67,от 40000 до 40000,Резчик  металла на  ножницах   и  прессах,Полная занятость,Вахтовый метод
68,от 48000,Шлифовщик -универсал,Полная занятость,Вахтовый метод
69,от 12000,Программист,Полная занятость,Полный рабочий день
70,до 50000,Заточник,Полная занятость,Вахтовый метод
71,от 30000,Токарь-универсал,Полная занятость,Полный рабочий день
72,от 20000 до 25000,Слесарь МСР,Полная занятость,Вахтовый метод
73,от 50000,Токарь - универсал 5-6 р-д,Полная занятость,Полный рабочий день
74,от 30000 до 40000,Наладчик  автоматических линий  и  агрегатных Станков,Полная занятость,Полный рабочий день
75,от 52000,Инженер-технолог,Полная занятость,Полный рабочий день
76,от 30000,Главный бухгалтер,Полная занятость,Полный рабочий день
77,от 12000 до 12000,Энергетик,Частичная занятость,Полный рабочий день
78,от 10500,Электрик,Полная занятость,Полный рабочий день
79,от 10500,Уборщица,Полная занятость,Полный рабочий день
80,от 20000 до 30000,Швея,Полная занятость,Сменный график
81,от 13500 до 13500,Врач-фтизиатр участковый,Полная занятость,Полный рабочий день
82,от 11141,Фельдшер-лаборант,Полная занятость,Полный рабочий день
83,до 22000,Администратор,Полная занятость,Гибкий график
84,от 10175,медицинская сестра участковая,Полная занятость,Полный рабочий день
85,до 30000,Офис-менеджер,Полная занятость,Полный рабочий день
86,до 24000,Диспечер,Полная занятость,Полный рабочий день
87,от 11000 до 11000,Официант,Полная занятость,Сменный график
88,от 68000,Водитель погрузчика,Полная занятость,Вахтовый метод
89,от 43000 до 55000,Слесарь-сборщик крупногабаритной бытовой техники,Полная занятость,Вахтовый метод
90,от 61000,Фасовщица готовых кормов для животных,Полная занятость,Вахтовый метод
91,от 33000,Наборщик на конвейере(упаковщица\грузчик),Полная занятость,Вахтовый метод
92,от 47000,Кассир,Полная занятость,Вахтовый метод
93,от 30000 до 60000,Разнорабочий(ая) вахтой,Полная занятость,Вахтовый метод
94,от 30000,Оператор склада,Полная занятость,Вахтовый метод
95,от 47000,Кассир гипермаркета вахтой,Полная занятость,Вахтовый метод
96,от 35000 до 75000,Водитель на личном автомобиле в UBER/Yandex такси,Частичная занятость,Гибкий график
97,до 15000,Бухгалтер I категории,Полная занятость,Полный рабочий день
98,от 13000,Оператор АЗС,Полная занятость,Сменный график
99,от 35000 до 45000,водитель кат С,Полная занятость,Полный рабочий день
100,от 25000 до 50000,Оператор производственного участка,Полная занятость,Сменный график
101,от 20000,Диспетчер автотранспорта,Полная занятость,Полный рабочий день
102,от 25000 до 45000,торговый представитель,Полная занятость,Полный рабочий день
103,от 25000,Инженер,Полная занятость,Полный рабочий день
104,от 20000,Монтажник систем ОПС и видеонаблюдения,Полная занятость,Полный рабочий день
105,от 40000 до 55000,Токарь,Полная занятость,Полный рабочий день
106,,Токарь,Полная занятость,Полный рабочий день
107,от 26000,Охранник в офис(возможно без лицензии),Полная занятость,Сменный график
108,от 12000 до 30000,Администратор,Полная занятость,Полный рабочий день
109,от 30000 до 35000,СПЕЦИАЛИСТ ПО ЭКСПОЗИЦИОННОЙ И ВЫСТАВОЧНОЙ ДЕЯТЕЛЬНОСТИ,Временная,Полный рабочий день
110,от 60000,Личная помощница,Полная занятость,Полный рабочий день
111,от 25000 до 25000,Инженер-конструктор (программист),Полная занятость,Полный рабочий день
112,от 6000 до 8000,Дворник,Частичная занятость,Неполный рабочий день
113,от 23100,Бухгалтер-кассир,Полная занятость,Полный рабочий день
114,от 34000,Специалист с ЖКХ/ УК,Полная занятость,Полный рабочий день
115,от 45000,Специалист в отдел по работе с населением,Полная занятость,Полный рабочий день
116,от 48000,Консультант с квалификацией бухгалтер,Полная занятость,Полный рабочий день
117,от 17000 до 25000,Слесарь-сантехник,Полная занятость,Полный рабочий день
118,от 15800 до 15800,Машинист крана (крановщик),Полная занятость,Полный рабочий день
119,от 20000 до 23000,"Экономист, главный",Полная занятость,Сменный график
120,от 12000,Водитель автомобиля,Полная занятость,Полный рабочий день
121,от 13100 до 13100,Электрогазосварщик,Полная занятость,Полный рабочий день
122,от 15700 до 15700,Тракторист,Полная занятость,Полный рабочий день
123,от 13100 до 13100,Электромонтер по ремонту и обслуживанию электрооборудования,Полная занятость,Полный рабочий день
124,от 24000,Оператор-менеджер,Удаленная,Неполный рабочий день
125,от 22000,Оператор на телефоне / ПК,Удаленная,Неполный рабочий день
126,от 13000,официант,Полная занятость,Полный рабочий день
127,от 30000,Технолог-корпусник,Полная занятость,Полный рабочий день
128,от 10000 до 13894,Специалист-эксперт отдела защиты прав потребителей,Полная занятость,Полный рабочий день
129,от 16000 до 16000,Бригадир осв. предприятий ж.д. транспорта,Полная занятость,Полный рабочий день
130,от 28000 до 30000,Мерчендайзер,Полная занятость,Полный рабочий день
131,от 12000,Врач приёмного отделения,Полная занятость,Полный рабочий день
132,от 12300 до 12300,Сливщик-разливщик,Полная занятость,Полный рабочий день
133,от 10000 до 16000,Фельдшер неотложной помощи,Полная занятость,Полный рабочий день
134,от 7500 до 15000,Медсестра процедурная,Полная занятость,Сменный график
135,от 7500 до 18000,Врач-оториноларинголог,Полная занятость,Сменный график
136,от 10000 до 18000,Медсестра участковая,Полная занятость,Сменный график
137,от 12000,Врач-эпидемиолог,Полная занятость,Полный рабочий день
138,от 15000,Медицинская сестра в хирургическое отделение,Полная занятость,Сменный график
139,от 15000 до 15000,Врач-терапевт участковый,Полная занятость,Полный рабочий день
140,от 7500 до 15000,Медсестра операционная,Полная занятость,Сменный график
141,от 7500 до 18000,Врач-уролог,Полная занятость,Сменный график
142,от 7500 до 15000,Медсестра палатная,Полная занятость,Сменный график
143,от 10000 до 25000,Врач Функциональной Диагностики,Полная занятость,Полный рабочий день
144,от 12000,Медицинский дезинфектор,Полная занятость,Полный рабочий день
145,,Токарь 5 разряда-6 разряда,Полная занятость,Вахтовый метод
146,до 15000,Подсобный рабочий,Полная занятость,Полный рабочий день
147,от 9300,"Руководитель кружка (клуба по интересам, коллектив",Полная занятость,Неполный рабочий день
148,от 7500 до 18500,Медицинская сестра,Полная занятость,Полный рабочий день
149,от 15000,Мездрильщик,Полная занятость,Полный рабочий день
150,от 15000,Механик,Полная занятость,Полный рабочий день
151,от 18000,Оператор очистных сооружений,Полная занятость,Сменный график
152,от 23000,менеджер интернет-магазина,Удаленная,Гибкий график
153,от 27000,Токарь,Полная занятость,Полный рабочий день
154,от 30000,Заведующий аптекой,Полная занятость,Сменный график
155,,Медицинская сестра врача общей практики,Полная занятость,Полный рабочий день
156,от 23000,Оператор на телефоне и ПК,Удаленная,Неполный рабочий день
157,от 20000 до 25000,менеджер по персоналу,Полная занятость,Полный рабочий день
158,от 13000 до 15000,Водитель автомобиля,Полная занятость,Полный рабочий день
159,от 30000,Врач ультразвуковой диагностики,Полная занятость,Сменный график
160,от 30000,Врач-стоматолог-хирург,Полная занятость,Сменный график
161,от 21000 до 21000,Врач-детский кардиолог,Полная занятость,Сменный график
162,от 21000 до 21000,Врач-оториноларинголог,Полная занятость,Сменный график
163,от 21000 до 21000,Врач-офтальмолог,Полная занятость,Сменный график
164,от 18000,Машинист автокрана,Полная занятость,Полный рабочий день
165,до 30000,Мобильный мерчендайзер,Полная занятость,Полный рабочий день
166,от 30000,Врач-стоматолог детский,Полная занятость,Полный рабочий день
167,от 30000,Врач-аллерголог-иммунолог,Полная занятость,Сменный график
168,от 20000,Медицинская сестра,Полная занятость,Сменный график
169,,специалист офиса продаж Теле 2,Полная занятость,Полный рабочий день
170,от 24000,Оператор-менеджер,Удаленная,Неполный рабочий день
171,от 11063,Акушерка Первомайской амбулатории,Полная занятость,Полный рабочий день
172,от 19000,врач анестезиолог-реаниматолог,Полная занятость,Полный рабочий день
173,от 25000 до 28000,Слесарь по ремонту ГПМ,Полная занятость,Полный рабочий день
174,от 18000 до 18000,Врач-кардиоревматолог,Полная занятость,Полный рабочий день
175,от 15000 до 15000,Врач-статистик,Полная занятость,Полный рабочий день
176,от 15000 до 15000,Врач-педиатр,Полная занятость,Сменный график
177,от 22000 до 22000,Врач-терапевт участковый,Полная занятость,Полный рабочий день
178,от 12000 до 12000,Рентгенолаборант,Полная занятость,Сменный график
179,от 17600,Заместитель начальника пожарного поезда на станции Инская,Полная занятость,Полный рабочий день
180,от 30000,Врач-педиатр участковый,Полная занятость,Сменный график
181,от 25000,Врач-невролог детский,Полная занятость,Сменный график
182,от 30000 до 30000,Врач-педиатр участковый,Полная занятость,Сменный график
183,от 22000 до 22000,Врач-терапевт участковый,Полная занятость,Сменный график
184,от 18000 до 18000,Врач-кардиолог,Полная занятость,Сменный график
185,от 15000 до 15000,Медицинская сестра участковая,Полная занятость,Сменный график
186,от 15000 до 15000,Врач-инфекционист,Полная занятость,Сменный график
187,от 15000 до 15000,Врач-травматолог-ортопед,Полная занятость,Сменный график
188,от 14000,Рентгенолаборант,Полная занятость,Сменный график
189,от 22000 до 30000,Врач-терапевт участковый,Полная занятость,Сменный график
190,от 15000,Медицинская сестра,Полная занятость,Сменный график
191,от 18000,Врач-отоларинголог,Полная занятость,Полный рабочий день
192,от 15000 до 15000,Врач-инфекционист,Полная занятость,Сменный график
193,от 13000 до 13000,Врач функциональной диагностики,Полная занятость,Сменный график
194,от 18000 до 18000,Врач-оториноларинголог,Полная занятость,Сменный график
195,от 30000,Врач-педиатр участковый,Полная занятость,Сменный график
196,от 12500 до 15000,Стрелок,Полная занятость,Полный рабочий день
197,от 12000 до 14000,Врач-статистик,Полная занятость,Полный рабочий день
198,от 12500 до 15000,Стрелок,Полная занятость,Полный рабочий день
199,от 12000 до 16000,Программист,Полная занятость,Полный рабочий день
200,от 25000,Врач-эндокринолог,Полная занятость,Полный рабочий день
201,от 8289,Учитель начальных классов,Полная занятость,Полный рабочий день
202,от 18000 до 18000,Рабочий по компл-му обслуживанию и ремонту зданий,Полная занятость,Полный рабочий день
203,от 10000 до 10000,Дворник-подсобный рабочий,Полная занятость,Полный рабочий день
204,,Торговый представитель,Полная занятость,Полный рабочий день
205,от 24000,Ведущий специалист (бухгалтер),Полная занятость,Полный рабочий день
206,от 21400 до 30000,бухгалтер,Полная занятость,Полный рабочий день
207,от 11000 до 11000,Плотник,Полная занятость,Полный рабочий день
208,от 30600 до 45000,Официант,Полная занятость,Полный рабочий день
209,,Специалист расчетно-претензионного отдела,Полная занятость,Полный рабочий день
210,от 14000 до 14000,Главный специалист учебно-методического отдела,Полная занятость,Полный рабочий день
211,от 14000 до 14000,Главный специалист учебно-методического отдела,Полная занятость,Полный рабочий день
212,,Заведующий здравпунктом,Частичная занятость,Неполный рабочий день
213,,врач-терапевт стационара,Полная занятость,Сменный график
214,,врач кабинета неотложной медицинской помощи,Полная занятость,Сменный график
215,,врач-невролог неврологического отделения,Полная занятость,Сменный график
216,,врач-пульмонолог,Полная занятость,Полный рабочий день
217,,врач-педиатр участковый,Полная занятость,Полный рабочий день
218,,врач-ревматолог,Полная занятость,Полный рабочий день
219,от 25000 до 30000,Врач - физиотерапевт,Полная занятость,Неполный рабочий день
220,от 25000 до 30000,Врач - маммолог,Полная занятость,Сменный график
221,от 30000 до 30000,Врач ультразвуковой диагностики,Полная занятость,Гибкий график
222,от 30000 до 30000,Врач-педиатр,Полная занятость,Гибкий график
223,от 17000 до 17000,Шлифовщик механического цеха,Полная занятость,Полный рабочий день
224,,врач-онколог,Полная занятость,Полный рабочий день
225,от 25000 до 30000,Врач,Полная занятость,Сменный график
226,от 25000 до 30000,Врач,Полная занятость,Сменный график
227,от 25000 до 30000,Врач,Полная занятость,Сменный график
228,от 30000,Врач-детский кардиолог,Полная занятость,Сменный график
229,от 18000,Менеджер интернет-магазина (Менеджер проекта),Полная занятость,Неполный рабочий день
230,,Менеджер по работе с корпоративными клиентами,Полная занятость,Полный рабочий день
231,от 15000 до 15000,Музыкальный руководитель,Полная занятость,Полный рабочий день
232,от 7500 до 7500,Уборщик служебных помещений,Полная занятость,Полный рабочий день
233,от 7500 до 7500,Медицинская сестра,Полная занятость,Полный рабочий день
234,от 7500 до 7500,Младший воспитатель,Полная занятость,Полный рабочий день
235,от 15000 до 15000,Воспитатель,Полная занятость,Полный рабочий день
236,от 18000 до 20000,Ведущий инженер-технолог,Полная занятость,Полный рабочий день
237,от 25000,Оператор на обрабатывающих центрах,Полная занятость,Полный рабочий день
238,от 9000,Уборщик,Полная занятость,Полный рабочий день
239,от 15500,Машинист компрессорных установок (зарядчик огнетушителей),Полная занятость,Полный рабочий день
240,от 8600 до 10000,Мойщик посуды,Временная,Сменный график
241,от 60000,Инженер ПТО,Полная занятость,Вахтовый метод
242,от 30000 до 80000,Руководитель спортивного направления,Удаленная,Гибкий график
243,от 12000,Уборщик помещений,Полная занятость,Полный рабочий день
244,от 30000,Специалист по закупкам в отдел контрактной службы,Полная занятость,Полный рабочий день
245,от 40000,земледел,Полная занятость,Сменный график
246,от 30000,Директор по развитию,Полная занятость,Полный рабочий день
247,от 5000,Электрик,Частичная занятость,Неполный рабочий день
248,от 15000,медицинская сестра перевязочной,Полная занятость,Полный рабочий день
249,от 20000,медицинская сестра-анестезист,Полная занятость,Полный рабочий день
250,от 30000 до 250000,Врач,Полная занятость,Сменный график
251,от 35000 до 40000,Врач,Полная занятость,Сменный график
252,от 30000 до 250000,Врач,Полная занятость,Сменный график
253,от 35000 до 40000,Врач,Полная занятость,Сменный график
254,от 35000 до 300000,Врач,Полная занятость,Сменный график
255,от 30000 до 100000,"риэлтор без опыта, менеджер по недвижимости",Полная занятость,Полный рабочий день
256,от 7800 до 12000,Учитель технологии,Полная занятость,Гибкий график
257,от 7500 до 7500,Уборщик производственных и служебных помещений,Полная занятость,Полный рабочий день
258,от 7500 до 15000,Учитель начальных классов,Полная занятость,Гибкий график
259,от 20000,врач-физиотерапевт,Полная занятость,Полный рабочий день
260,от 25000,врач-терапевт,Полная занятость,Полный рабочий день
261,от 25000,врач-онколог,Полная занятость,Полный рабочий день
262,от 25000,врач-педиатр участковый,Полная занятость,Полный рабочий день
263,от 39708,Врач,Полная занятость,Полный рабочий день
264,от 39708,Врач общей практики (семейный),Полная занятость,Полный рабочий день
265,от 20000,врач-трансфузиолог,Полная занятость,Полный рабочий день
266,от 39708,Врач-акушер-гинеколог,Временная,Полный рабочий день
267,от 39708,Врач-акушер-гинеколог,Временная,Полный рабочий день
268,от 25000,врач-кардиолог,Полная занятость,Полный рабочий день
269,от 39708 до 39708,Врач-анестезиолог-реаниматолог,Полная занятость,Полный рабочий день
270,от 20000,врач-оториноларинголог,Полная занятость,Полный рабочий день
271,от 11900,Фельдшер,Полная занятость,Не указано
272,от 10000 до 10000,Младший воспитатель,Полная занятость,Полный рабочий день
273,от 20000,учитель английского языка,Полная занятость,Полный рабочий день
274,от 30000 до 30000,Врач-терапевт участковый,Полная занятость,Полный рабочий день
275,от 20000,Офис-менеджер / Помощник руководителя / Секретарь,Полная занятость,Полный рабочий день
276,от 15000 до 15000,Воспитатель детского сада (яслей-сада),Полная занятость,Полный рабочий день
277,,Продавец,Полная занятость,Сменный график
278,,Продавец,Полная занятость,Сменный график
279,от 15000 до 25000,Кладовщик,Полная занятость,Полный рабочий день
280,от 30000,Редактор телевидения (радиовещания),Полная занятость,Полный рабочий день
281,от 40000 до 46000,инженер-электроник,Полная занятость,Полный рабочий день
282,от 30000 до 35000,Врач-терапевт участковый,Полная занятость,Неполный рабочий день
283,от 15000 до 20000,Медицинская сестра,Полная занятость,Полный рабочий день
284,от 25000 до 30000,Врач-инфекционист,Полная занятость,Полный рабочий день
285,от 15000 до 20000,Продавец-консультант,Полная занятость,Полный рабочий день
286,от 30000 до 35000,Врач- педиатр участковый,Полная занятость,Полный рабочий день
287,от 20000 до 30000,Токарь,Полная занятость,Полный рабочий день
288,от 20000 до 30000,Фельдшер,Полная занятость,Полный рабочий день
289,от 25000 до 30000,Врач-травматолог-ортопед,Полная занятость,Полный рабочий день
290,от 25000 до 40000,Водитель автомобиля,Полная занятость,Сменный график
291,от 40000 до 40000,"Маркшейдер карьера, рудника, шахты, старший",Полная занятость,Сменный график
292,от 25000 до 30000,Инженер,Полная занятость,Сменный график
293,от 12000 до 15000,Кладовщик,Полная занятость,Сменный график
294,от 23000,Мастер Кислородной станции и Участка резинотехнических изделий,Полная занятость,Полный рабочий день
295,от 21000,Мастер Механического участка,Полная занятость,Сменный график
296,от 20000 до 25000,"Электрогазосварщик, 5-6 разряда",Полная занятость,Полный рабочий день
297,от 20000,"Требуется водитель категории С, Е",Полная занятость,Полный рабочий день
298,от 20000,помощник руководителя интернет-магазина,Удаленная,Гибкий график
299,от 20000,администратор интернет-магазина,Удаленная,Гибкий график
300,от 20000,менеджер интернет-магазина,Удаленная,Гибкий график
301,от 20000,специалист по сбору данных в онлайн-офисе,Удаленная,Гибкий график
302,от 20000,специалист БД,Удаленная,Гибкий график
303,от 20000,Администратор интернет-магазина,Удаленная,Гибкий график
304,от 22000 до 25000,Торговый представитель,Полная занятость,Полный рабочий день
305,от 23000,Оператор-консультант,Удаленная,Неполный рабочий день
306,до 45000,Финансовый аналитик,Полная занятость,Полный рабочий день
307,от 17892 до 17892,Электромонтер по эксплуатации распределительных сетей,Полная занятость,Полный рабочий день
308,от 15000,Автоэлектрик,Полная занятость,Сменный график
309,от 17500 до 20000,Слесарь-ремонтник 5 разряда,Полная занятость,Полный рабочий день
310,от 11238 до 11238,Повар,Сезонная,Неполный рабочий день
0,от 20230 до 20230,Уборщик производственных и служебных помещений,Полная занятость,Сменный график
1,от 26000,Закройщик,Полная занятость,Полный рабочий день
2,от 23000,Оператор-консультант,Удаленная,Неполный рабочий день
3,от 20230 до 20230,Уборщик производственных и служебных помещений,Полная занятость,Сменный график
4,от 26000,Мастер по ремонту оборудования (в промышленности),Полная занятость,Полный рабочий день
5,от 25000 до 25000,Массажист,Полная занятость,Неполный рабочий день
6,от 26750 до 26750,Укладчик-упаковщик,Полная занятость,Сменный график
7,от 26000,Закройщик,Полная занятость,Полный рабочий день
8,от 100000 до 100000,Специалист,Полная занятость,Полный рабочий день
9,от 24000 до 24000,Водитель погрузчика,Полная занятость,Сменный график
10,от 26000,Фурнитурщик,Полная занятость,Полный рабочий день
11,от 35000 до 60000,"Кровельщик по рулонным кровлям и по кровлям из штучных материалов, старший 2 разряда-3 разряда 1 категории (класса)",Сезонная,Полный рабочий день
12,от 26000,Швея,Полная занятость,Полный рабочий день
13,от 30000 до 30000,"Слесарь по изготовлению и ремонту трубопроводов, помощник 1 разряда-2 разряда 1 категории (класса)",Полная занятость,Полный рабочий день
14,от 40000 до 40000,Электроник,Полная занятость,Полный рабочий день
15,от 26000,Конструктор одежды,Полная занятость,Полный рабочий день
16,от 15000 до 15000,"Дворник, помощник 1 разряда-2 разряда 1 категории (класса)",Частичная занятость,Неполный рабочий день
17,от 30000 до 30000,Технолог,Полная занятость,Полный рабочий день
18,от 25000,Закройщик,Полная занятость,Полный рабочий день
19,от 50000 до 50000,Инженер-энергетик,Полная занятость,Полный рабочий день
20,от 75000 до 75000,Директор представительства,Полная занятость,Полный рабочий день
21,от 25000,Мастер по ремонту оборудования (в промышленности),Полная занятость,Полный рабочий день
22,от 30000 до 30000,Оператор поточно-автоматической линии,Полная занятость,Сменный график
23,от 37000 до 37000,Изолировщик,Полная занятость,Гибкий график
24,от 25000,Швея,Полная занятость,Полный рабочий день
25,от 35000 до 35000,Технолог,Полная занятость,Полный рабочий день
26,от 34100 до 34100,Водитель автомобиля,Полная занятость,Гибкий график
27,от 45000 до 45000,Начальник лаборатории (в промышленности),Полная занятость,Полный рабочий день
28,от 30000,Швея,Полная занятость,Полный рабочий день
29,от 34500 до 34500,Машинист экскаватора,Полная занятость,Гибкий график
30,от 30000,Швея,Полная занятость,Полный рабочий день
31,от 28000 до 28000,Водитель погрузчика,Полная занятость,Сменный график
32,от 17561 до 25000,Продавец-консультант,Полная занятость,Сменный график
33,от 26000,Швея,Полная занятость,Сменный график
34,от 30000 до 30000,Оператор поточно-автоматической линии,Полная занятость,Сменный график
35,от 17561 до 25000,Кассир торгового зала,Полная занятость,Сменный график
36,от 27000,Модельер,Полная занятость,Сменный график
37,от 30000 до 30000,Оператор поточно-автоматической линии,Полная занятость,Сменный график
38,от 50000 до 55000,Полицейский,Полная занятость,Полный рабочий день
39,от 27000,Модельер-конструктор,Полная занятость,Сменный график
40,от 40000 до 40000,Главный специалист,Полная занятость,Полный рабочий день
41,от 35000 до 40000,Полицейский,Полная занятость,Полный рабочий день
42,от 26000,Швея,Полная занятость,Сменный график
43,от 50000 до 50000,Начальник лаборатории (в прочих отраслях),Полная занятость,Полный рабочий день
44,от 20000 до 38000,Полицейский,Полная занятость,Полный рабочий день
45,от 14000,Модельер,Полная занятость,Полный рабочий день
46,от 50000 до 50000,Директор по производству,Полная занятость,Полный рабочий день
47,от 20000 до 38000,Полицейский-водитель,Полная занятость,Полный рабочий день
48,от 27000,Модельер,Полная занятость,Сменный график
49,от 20000 до 20000,Механик,Полная занятость,Полный рабочий день
50,от 35000 до 35000,Генеральный директор предприятия,Полная занятость,Полный рабочий день
51,от 20000 до 25000,Контролер качества,Полная занятость,Сменный график
52,от 21000 до 21000,Рабочий склада,Полная занятость,Сменный график
53,от 25000 до 30000,Токарь,Полная занятость,Полный рабочий день
54,от 50000 до 50000,Военнослужащий (офицерский состав),Полная занятость,Ненормированный рабочий день
55,от 20000,Повар,Полная занятость,Сменный график
56,от 13750 до 13750,Слесарь механосборочных работ,Временная,Неполный рабочий день
57,от 14368,Маникюрша,Полная занятость,Сменный график
58,от 25000 до 25000,Кухонный рабочий,Полная занятость,Гибкий график
59,от 14943,Уборщик производственных и служебных помещений,Полная занятость,Сменный график
60,от 13750,Уборщик производственных и служебных помещений,Полная занятость,Сменный график
61,от 30000 до 30000,Командир боевой машины,Полная занятость,Ненормированный рабочий день
62,от 21436 до 24640,Электрогазосварщик,Полная занятость,Полный рабочий день
63,от 35000 до 35000,Инженер по наладке и испытаниям,Полная занятость,Полный рабочий день
64,от 16500 до 21240,Врач общей практики (семейный),Полная занятость,Сменный график
65,от 20000,Швея,Полная занятость,Полный рабочий день
66,от 30000 до 30000,Директор по экономике,Полная занятость,Полный рабочий день
67,от 25000,Учитель математики,Полная занятость,Гибкий график
68,от 13750 до 13750,Медицинская сестра,Полная занятость,Сменный график
69,от 35000 до 35000,Мастер,Полная занятость,Полный рабочий день
70,от 20000,Швея,Полная занятость,Полный рабочий день
71,от 13750,Учитель труда,Частичная занятость,Неполный рабочий день
72,от 13750 до 13750,Медицинская сестра врача общей практики,Полная занятость,Сменный график
73,от 35000 до 35000,Архитектор,Полная занятость,Полный рабочий день
74,от 30000 до 30000,Заведующий столовой,Полная занятость,Полный рабочий день
75,от 13750,Подсобный рабочий,Временная,Неполный рабочий день
76,от 35000 до 35000,Инженер-электрик,Полная занятость,Полный рабочий день
77,от 40000 до 40000,Менеджер,Полная занятость,Полный рабочий день
78,от 30000 до 30000,Шеф-повар,Полная занятость,Сменный график
79,от 35000 до 35000,Менеджер (в строительстве),Полная занятость,Полный рабочий день
80,от 13750,Уборщик производственных и служебных помещений,Временная,Полный рабочий день
81,от 20225 до 20225,Наладчик автоматических линий и агрегатных станков,Полная занятость,Сменный график
82,от 15000,Официант,Полная занятость,Сменный график
83,от 35000 до 35000,Техник по бурению,Полная занятость,Полный рабочий день
84,от 13750,Секретарь-делопроизводитель,Полная занятость,Полный рабочий день
85,от 90000 до 90000,Тренер,Полная занятость,Полный рабочий день
86,от 15000,Мойщик посуды,Полная занятость,Сменный график
87,от 30000 до 30000,Инженер по организации управления производством,Полная занятость,Полный рабочий день
88,от 30718 до 30718,Специалист,Полная занятость,Полный рабочий день
89,от 13750,Инструктор-методист физкультурно-спортивных организаций,Полная занятость,Полный рабочий день
90,от 15000 до 15000,Повар,Полная занятость,Сменный график
91,от 30000 до 30000,Техник по наладке и испытаниям,Полная занятость,Полный рабочий день
92,от 47500 до 47500,Бухгалтер,Полная занятость,Полный рабочий день
93,от 15000 до 15000,Повар,Полная занятость,Сменный график
94,от 27709,Бухгалтер,Полная занятость,Полный рабочий день
95,от 35000 до 35000,Инженер по внедрению новой техники и технологии,Полная занятость,Полный рабочий день
96,от 78956 до 78956,Технолог,Полная занятость,Полный рабочий день
97,от 25000 до 30000,Слесарь по контрольно-измерительным приборам и автоматике,Полная занятость,Полный рабочий день
98,от 16000,Лаборант по физико-механическим испытаниям,Полная занятость,Полный рабочий день
99,от 130000 до 130000,Тренер,Полная занятость,Полный рабочий день
100,от 26000 до 26000,Оператор раскройного оборудования,Полная занятость,Полный рабочий день
101,от 18500 до 25000,Столяр,Полная занятость,Полный рабочий день
102,от 30000 до 30000,Инженер по сварке,Полная занятость,Полный рабочий день
103,от 80000 до 200179,Менеджер,Полная занятость,Полный рабочий день
104,от 26000 до 26000,Модельер-конструктор,Полная занятость,Полный рабочий день
105,от 21000,Слесарь-ремонтник,Полная занятость,Полный рабочий день
106,от 30000 до 30000,Производитель работ (прораб) (в строительстве),Полная занятость,Полный рабочий день
107,от 55200 до 55200,Специалист,Полная занятость,Полный рабочий день
108,от 26000 до 26000,Оператор швейного оборудования,Полная занятость,Полный рабочий день
109,от 35000 до 35000,Помощник мастера,Полная занятость,Полный рабочий день
110,от 26000 до 26000,Оператор раскройного оборудования,Полная занятость,Полный рабочий день
111,от 30718 до 30718,Специалист,Полная занятость,Полный рабочий день
112,от 26000 до 26000,Модельер-конструктор,Полная занятость,Полный рабочий день
113,от 55200 до 55200,Специалист,Полная занятость,Полный рабочий день
114,от 20800 до 20800,Официант,Полная занятость,Полный рабочий день
115,от 16000,Укладчик-упаковщик,Полная занятость,Полный рабочий день
116,от 27000,Модельер-конструктор,Полная занятость,Сменный график
117,от 22000 до 22000,Техник-технолог,Полная занятость,Полный рабочий день
118,от 15000 до 15000,Секретарь руководителя,Полная занятость,Полный рабочий день
119,от 15000,Швея,Полная занятость,Сменный график
120,от 22000 до 22000,Инженер по автоматизации и механизации производственных процессов,Полная занятость,Полный рабочий день
121,от 35000,Водитель автобуса,Полная занятость,Сменный график
122,от 15000,Швея,Полная занятость,Сменный график
123,от 13750 до 13750,Инженер по охране труда,Полная занятость,Полный рабочий день
124,от 23000 до 23000,Начальник отдела (в строительстве),Полная занятость,Полный рабочий день
125,от 20000,Инспектор по проведению профилактических осмотров водителей автомототранспортных средств,Временная,Сменный график
126,от 13750,Электромонтер по ремонту и обслуживанию электрооборудования,Полная занятость,Полный рабочий день
127,от 13750 до 13750,Архивариус,Полная занятость,Полный рабочий день
128,от 22000 до 22000,Инженер,Полная занятость,Полный рабочий день
129,от 13750,Рабочий по благоустройству населенных пунктов,Временная,Неполный рабочий день
130,от 13983,Слесарь-сантехник,Полная занятость,Полный рабочий день
131,от 13750 до 13750,Инспектор по кадрам,Полная занятость,Полный рабочий день
132,от 23000 до 23000,Начальник цеха,Полная занятость,Полный рабочий день
133,от 13750,Рабочий по благоустройству населенных пунктов,Временная,Неполный рабочий день
134,от 21000 до 21000,Монтажник 4 разряда-6 разряда,Полная занятость,Полный рабочий день
135,от 22000 до 22000,Инженер-технолог,Полная занятость,Полный рабочий день
136,от 25000 до 25000,Слесарь-ремонтник,Полная занятость,Полный рабочий день
137,от 13750 до 15000,Подсобный рабочий,Полная занятость,Полный рабочий день
138,от 22000 до 22000,Инженер по сварке,Полная занятость,Полный рабочий день
139,от 15000 до 15000,Оператор машинного доения,Полная занятость,Сменный график
140,от 14000,Упаковщик,Полная занятость,Полный рабочий день
141,от 20000 до 20000,Водитель погрузчика,Полная занятость,Полный рабочий день
142,от 15000 до 15000,Оператор машинного доения,Полная занятость,Сменный график
143,от 32000 до 32000,Генеральный директор предприятия,Полная занятость,Полный рабочий день
144,от 14000,Упаковщик,Полная занятость,Полный рабочий день
145,от 30000,Токарь-универсал по металлу,Полная занятость,Полный рабочий день
146,от 15000 до 15000,Техник,Полная занятость,Сменный график
147,от 13750,Уборщик производственных и служебных помещений,Полная занятость,Полный рабочий день
148,от 7700 до 7700,Менеджер,Временная,Полный рабочий день
149,от 30000,Фрезеровщик,Полная занятость,Полный рабочий день
150,от 7700 до 7700,Администратор,Временная,Полный рабочий день
151,от 20000 до 20000,Инженер-проектировщик,Полная занятость,Полный рабочий день
152,от 14000 до 16000,Колорист,Полная занятость,Полный рабочий день
153,от 26000 до 26000,Ведущий инженер,Полная занятость,Полный рабочий день
154,от 7700 до 7700,Секретарь руководителя,Временная,Полный рабочий день
155,от 30000 до 36000,Инженер по испытаниям,Полная занятость,Полный рабочий день
156,от 25000 до 25000,Командир отряда,Полная занятость,Ненормированный рабочий день
157,от 22000 до 25000,Дояр,Полная занятость,Сменный график
158,от 18000 до 20000,Менеджер,Полная занятость,Полный рабочий день
159,от 30000 до 30000,Машинист-крановщик,Полная занятость,Ненормированный рабочий день
160,от 25000 до 25000,"Техник по радионавигации, радиолокации и связи",Полная занятость,Ненормированный рабочий день
161,от 26000 до 26000,Кухонный рабочий,Полная занятость,Гибкий график
162,от 25000 до 25000,Фельдшер,Полная занятость,Ненормированный рабочий день
163,от 13750 до 15000,Музыкальный руководитель,Полная занятость,Сменный график
164,от 20000,Оператор электронно-вычислительных и вычислительных машин,Полная занятость,Полный рабочий день
165,от 19300 до 22200,Мастер участка,Полная занятость,Полный рабочий день
166,от 25000 до 25000,Механик,Полная занятость,Ненормированный рабочий день
167,от 20000 до 20000,Воспитатель,Полная занятость,Сменный график
168,от 13750,Рабочий по комплексному обслуживанию и ремонту зданий,Полная занятость,Полный рабочий день
169,от 15000,Швея,Полная занятость,Полный рабочий день
170,от 20000 до 20000,Контролер,Полная занятость,Ненормированный рабочий день
171,от 17000 до 17000,Дояр,Полная занятость,Полный рабочий день
172,от 13750,Машинист по стирке белья,Полная занятость,Полный рабочий день
173,от 15000,Швея,Полная занятость,Полный рабочий день
174,от 30000 до 30000,Командир механизированного отделения,Полная занятость,Ненормированный рабочий день
175,от 13750 до 13750,Специалист,Полная занятость,Полный рабочий день
176,от 20000,Швея,Полная занятость,Полный рабочий день
177,от 13750,Слесарь-ремонтник,Полная занятость,Полный рабочий день
178,от 30000 до 30000,Монтажник 4 разряда-4 разряда,Полная занятость,Полный рабочий день
179,от 30718 до 30718,Химик,Полная занятость,Полный рабочий день
180,от 30000 до 30000,Электрогазосварщик 6 разряда-6 разряда,Полная занятость,Полный рабочий день
181,от 20000,Инженер-конструктор,Полная занятость,Полный рабочий день
182,от 13750,Слесарь аварийно-восстановительных работ,Полная занятость,Полный рабочий день
183,от 58456 до 58456,Технолог,Полная занятость,Полный рабочий день
184,от 30000 до 30000,Геодезист,Полная занятость,Полный рабочий день
185,от 30718 до 30718,Технолог,Полная занятость,Полный рабочий день
186,от 15000 до 15000,Переводчик синхронный,Полная занятость,Полный рабочий день
187,от 17000,Психолог,Полная занятость,Полный рабочий день
188,от 30000 до 30000,Менеджер по персоналу,Полная занятость,Полный рабочий день
189,от 96532 до 96532,Специалист,Полная занятость,Полный рабочий день
190,от 20000 до 35000,Механизатор,Сезонная,Полный рабочий день
191,от 26000 до 26000,Оператор швейного оборудования,Полная занятость,Полный рабочий день
192,от 35000 до 35000,Генеральный директор предприятия,Полная занятость,Полный рабочий день
193,от 20000 до 20000,Переводчик,Полная занятость,Полный рабочий день
194,от 27000,Модельер-конструктор,Полная занятость,Сменный график
195,от 30000 до 30000,Директор по экономике,Полная занятость,Полный рабочий день
196,от 18000 до 18000,Оператор поточно-автоматической линии,Полная занятость,Сменный график
197,от 26000,Швея,Полная занятость,Сменный график
198,от 25000 до 25000,Инженер по защите информации,Полная занятость,Полный рабочий день
199,от 15000 до 15000,Экспедитор,Полная занятость,Полный рабочий день
200,от 27000,Модельер,Полная занятость,Сменный график
201,от 41000 до 41000,Генеральный директор предприятия,Полная занятость,Полный рабочий день
202,от 30000 до 30000,Специалист,Полная занятость,Полный рабочий день
203,от 33000 до 33000,Водитель погрузчика,Временная,Сменный график
204,от 25000 до 25000,Инженер-конструктор,Полная занятость,Полный рабочий день
205,от 13750,Рабочий по благоустройству населенных пунктов,Временная,Неполный рабочий день
206,от 20000 до 20000,Укладчик-упаковщик,Временная,Сменный график
207,от 20000 до 20000,Инженер-проектировщик,Полная занятость,Полный рабочий день
208,от 30000,Электрогазосварщик,Полная занятость,Полный рабочий день
209,от 25000 до 30000,Мастер участка,Полная занятость,Полный рабочий день
210,от 20000 до 20000,Менеджер,Полная занятость,Полный рабочий день
211,от 23000,Грузчик,Полная занятость,Полный рабочий день
212,от 13170 до 13170,Диспетчер,Полная занятость,Неполный рабочий день
213,от 27000 до 27000,Инженер по охране окружающей среды (эколог),Полная занятость,Полный рабочий день
214,от 23000 до 24000,Тракторист,Полная занятость,Полный рабочий день
215,от 25000,Фрезеровщик,Полная занятость,Полный рабочий день
216,от 25000,Токарь,Полная занятость,Полный рабочий день
217,от 25000 до 25000,Техник,Полная занятость,Ненормированный рабочий день
218,от 20000 до 20000,Слесарь,Полная занятость,Полный рабочий день
219,от 20000,Фрезеровщик,Полная занятость,Полный рабочий день
220,от 20000 до 20000,Маляр,Полная занятость,Полный рабочий день
221,от 25000 до 25000,Главный технолог,Полная занятость,Полный рабочий день
222,от 25000 до 25000,Водитель автомобиля,Полная занятость,Ненормированный рабочий день
223,от 13750 до 13750,Рабочий зеленого строительства,Временная,Неполный рабочий день
224,от 13750,Социальный работник,Полная занятость,Полный рабочий день
225,от 20000 до 20000,Инженер-конструктор,Полная занятость,Полный рабочий день
226,от 24000 до 25000,Медицинская сестра,Полная занятость,Ненормированный рабочий день
227,от 13750 до 13750,Уборщик производственных и служебных помещений,Полная занятость,Сменный график
228,от 37830,Врач-педиатр,Полная занятость,Полный рабочий день
229,от 20000 до 20000,Инженер-технолог,Полная занятость,Полный рабочий день
230,от 24000 до 25000,Повар,Полная занятость,Ненормированный рабочий день
231,от 21000 до 21000,Рабочий склада,Полная занятость,Сменный график
232,от 23907,Педагог дополнительного образования,Полная занятость,Полный рабочий день
233,от 40000 до 45000,Инженер-конструктор,Полная занятость,Полный рабочий день
234,от 30000 до 30000,Военнослужащий (младший командный состав),Полная занятость,Ненормированный рабочий день
235,от 21000 до 21000,Оператор персональных компьютеров,Полная занятость,Сменный график
236,от 40000 до 42000,Инженер-технолог,Полная занятость,Полный рабочий день
237,от 17000,Специалист,Полная занятость,Ненормированный рабочий день
238,от 20000 до 20000,Матрос,Полная занятость,Ненормированный рабочий день
239,от 21000 до 21000,Рабочий склада,Полная занятость,Сменный график
240,от 24000 до 26000,Инженер по снабжению,Полная занятость,Полный рабочий день
241,от 16700,Экономист,Полная занятость,Полный рабочий день
242,от 25000 до 25000,Стрелок,Полная занятость,Ненормированный рабочий день
243,от 17000 до 17000,Рабочий по уходу за животными,Полная занятость,Сменный график
244,от 20000 до 20000,"Заведующий филиалом (библиотеки, гостиницы, лаборатории)",Полная занятость,Полный рабочий день
245,от 20199,Медицинская сестра,Полная занятость,Полный рабочий день
246,от 20000 до 20000,Слесарь механосборочных работ,Полная занятость,Полный рабочий день
247,от 30000 до 30000,Водитель автомобиля,Полная занятость,Ненормированный рабочий день
248,от 25000 до 25000,Учитель начальных классов,Полная занятость,Полный рабочий день
249,от 30369,Медицинская сестра по массажу,Полная занятость,Полный рабочий день
250,от 20000 до 20000,Маляр,Полная занятость,Полный рабочий день
251,от 13750 до 13750,Рабочий зеленого строительства,Временная,Неполный рабочий день
252,от 30000 до 30000,"Механик, старший",Полная занятость,Ненормированный рабочий день
253,от 21280,Специалист по социальной работе,Полная занятость,Полный рабочий день
254,от 15000 до 15000,Токарь,Полная занятость,Полный рабочий день
255,от 30000 до 30000,Военнослужащий (рядовой и сержантский состав),Полная занятость,Ненормированный рабочий день
256,от 21000 до 21000,Оператор персональных компьютеров,Полная занятость,Сменный график
257,от 24860,Заведующий отделением (в прочих отраслях),Полная занятость,Полный рабочий день
258,от 20000 до 22000,Слесарь механосборочных работ,Полная занятость,Полный рабочий день
259,от 30000 до 30000,"Командир взвода, заместитель",Полная занятость,Ненормированный рабочий день
260,от 35000 до 35000,Директор по экономике,Полная занятость,Полный рабочий день
261,от 15000,Рабочий склада,Полная занятость,Сменный график
262,от 25000 до 25000,Слесарь по эксплуатации и ремонту газового оборудования,Полная занятость,Сменный график
263,от 40000 до 40000,Генеральный директор предприятия,Полная занятость,Полный рабочий день
264,от 23000,Менеджер,Полная занятость,Неполный рабочий день
265,от 13750,Помощник воспитателя,Полная занятость,Полный рабочий день
266,от 45000,Водитель погрузчика,Полная занятость,Сменный график
267,от 40000 до 40000,Инженер,Полная занятость,Сменный график
268,от 25000 до 25000,Помощник мастера,Полная занятость,Полный рабочий день
269,от 13750,Дворник,Полная занятость,Полный рабочий день
270,от 24000 до 28000,Специалист,Полная занятость,Неполный рабочий день
271,от 25000 до 25000,Методист,Полная занятость,Сменный график
272,от 25000 до 25000,Кладовщик,Полная занятость,Полный рабочий день
273,от 13750,Помощник воспитателя,Полная занятость,Неполный рабочий день
274,от 35000,Рабочий склада,Полная занятость,Сменный график
275,от 14000 до 14000,Тренер-преподаватель по спорту,Полная занятость,Полный рабочий день
276,от 13750,Дворник,Полная занятость,Неполный рабочий день
277,от 13750,Рабочий по комплексному обслуживанию и ремонту зданий,Полная занятость,Неполный рабочий день
278,от 25000 до 25000,Слесарь-ремонтник,Полная занятость,Сменный график
279,от 30000 до 55000,Слесарь-ремонтник 4 разряда-6 разряда,Полная занятость,Полный рабочий день
280,от 26000,Конструктор одежды,Полная занятость,Полный рабочий день
281,от 45000 до 45000,Генеральный директор предприятия,Полная занятость,Полный рабочий день
282,от 26000,Фурнитурщик,Полная занятость,Полный рабочий день
283,от 24000 до 24000,Специалист,Полная занятость,Сменный график
284,от 120000 до 120000,Менеджер,Полная занятость,Сменный график
285,от 80000 до 80000,Инженер-программист,Полная занятость,Полный рабочий день
286,от 26000,Клейщик,Полная занятость,Полный рабочий день
287,от 27800,Врач-лаборант,Полная занятость,Сменный график
288,от 22000,Врач-эпидемиолог,Полная занятость,Полный рабочий день
289,от 26000,Термоотделочник швейных изделий,Полная занятость,Полный рабочий день
290,от 17500,Цветочница,Полная занятость,Сменный график
291,от 50000,Инженер-сметчик,Полная занятость,Полный рабочий день
292,от 26000,Изготовитель лекал,Полная занятость,Полный рабочий день
293,от 25900,Врач-специалист,Полная занятость,Сменный график
294,от 40000 до 40000,Электрик участка,Полная занятость,Полный рабочий день
295,от 20000,Станочник широкого профиля,Полная занятость,Полный рабочий день
296,от 16000,Санитар,Полная занятость,Сменный график
297,от 16000,Слесарь-сантехник,Полная занятость,Полный рабочий день
298,от 35000,Накатчик,Полная занятость,Полный рабочий день
299,от 15000,Слесарь-сантехник,Полная занятость,Полный рабочий день
300,от 26000,Плиссировщик-гофрировщик,Полная занятость,Полный рабочий день
301,от 63300 до 63300,Командир воздушного судна,Полная занятость,Гибкий график
302,от 35000,Кузнец на молотах и прессах,Полная занятость,Полный рабочий день
303,от 31000,Врач,Полная занятость,Полный рабочий день
304,от 30000 до 30000,Врач,Полная занятость,Сменный график
305,от 35000,Термист,Полная занятость,Полный рабочий день
306,от 26000,Отделочник материалов и готовых изделий,Полная занятость,Полный рабочий день
307,от 30000 до 30000,Врач,Полная занятость,Сменный график
308,от 35000,Токарь,Полная занятость,Полный рабочий день
309,от 35000,Фрезеровщик,Полная занятость,Полный рабочий день
310,от 26000,"Приемщик материалов, полуфабрикатов и готовых изделий",Полная занятость,Полный рабочий день
311,от 35000,Такелажник,Полная занятость,Полный рабочий день
312,от 16000 до 18000,Санитар палатный,Полная занятость,Сменный график
313,от 18000 до 18000,Санитарка (мойщица),Полная занятость,Сменный график
314,от 26000,"Комплектовщик материалов, кроя и изделий",Полная занятость,Полный рабочий день
315,от 20000,Цветочница,Полная занятость,Полный рабочий день
316,от 20700,Повар,Полная занятость,Гибкий график
317,от 22900 до 22900,Медицинская сестра стоматологического кабинета,Полная занятость,Сменный график
318,от 26000,Модельер-конструктор,Полная занятость,Полный рабочий день
319,от 16000,Уборщик территорий,Полная занятость,Полный рабочий день
320,от 18000,Повар,Полная занятость,Гибкий график
321,от 15000,Вязальщик,Полная занятость,Полный рабочий день
322,от 16200,Уборщик производственных и служебных помещений,Полная занятость,Сменный график
323,от 22000,Медицинская сестра по физиотерапии,Полная занятость,Полный рабочий день
324,от 25000,Инженер,Полная занятость,Полный рабочий день
325,от 26000,Термоотделочник швейных изделий,Полная занятость,Полный рабочий день
326,от 23000 до 27000,Агент по организации обслуживания пассажирских авиаперевозок,Полная занятость,Сменный график
327,от 17000,Повар,Полная занятость,Сменный график
328,от 13750,Уборщик производственных и служебных помещений,Полная занятость,Гибкий график
329,от 26000,Изготовитель лекал,Полная занятость,Полный рабочий день
330,от 22900 до 22900,Фармацевт,Полная занятость,Полный рабочий день
331,от 16500,Сестра-хозяйка,Полная занятость,Полный рабочий день
332,от 20000,Уборщик территорий,Полная занятость,Полный рабочий день
333,от 26000,Закройщик,Полная занятость,Полный рабочий день
334,от 30000 до 30000,Врач здравпункта,Полная занятость,Сменный график
335,от 19000,Инженер-электроник,Полная занятость,Полный рабочий день
336,от 26000,Швея,Полная занятость,Полный рабочий день
337,от 50000 до 50000,Бортпроводник,Полная занятость,Гибкий график
338,от 82000,Генеральный директор предприятия,Полная занятость,Полный рабочий день
339,от 14000,Рабочий по комплексному обслуживанию и ремонту зданий,Полная занятость,Полный рабочий день
340,от 26000,Художник-конструктор (дизайнер),Полная занятость,Полный рабочий день
341,от 25000 до 25000,Фельдшер,Полная занятость,Сменный график
342,от 20000,Руководитель группы (функциональной в прочих областях деятельности),Полная занятость,Полный рабочий день
343,от 13800,Мойщик посуды,Полная занятость,Сменный график
344,от 15000,Машинист бетоноукладчика,Полная занятость,Полный рабочий день
345,от 26000,Оператор швейного оборудования,Полная занятость,Полный рабочий день
346,от 13750,Уборщик производственных и служебных помещений,Полная занятость,Полный рабочий день
347,от 15000,Бетонщик,Полная занятость,Полный рабочий день
348,от 30000 до 30000,Врач-акушер-гинеколог,Полная занятость,Сменный график
0,от 26000,Раскладчик лекал,Полная занятость,Полный рабочий день
1,от 13750,Уборщик производственных и служебных помещений,Полная занятость,Полный рабочий день
2,от 26000,Фурнитурщик,Полная занятость,Полный рабочий день
3,от 25000 до 35000,Судебный пристав-исполнитель,Полная занятость,Полный рабочий день
4,от 13750,Контролер контрольно-пропускного пункта,Полная занятость,Полный рабочий день
5,от 26700,Электромонтер по испытаниям и измерениям,Полная занятость,Полный рабочий день
6,от 26000,"Приемщик материалов, полуфабрикатов и готовых изделий",Полная занятость,Полный рабочий день
7,от 25000 до 35000,Судебный пристав по обеспечению установленного порядка деятельности судов,Полная занятость,Полный рабочий день
8,от 16000,Инженер-электроник,Полная занятость,Полный рабочий день
9,от 26000,"Комплектовщик материалов, кроя и изделий",Полная занятость,Полный рабочий день
10,от 17000,Лаборант,Полная занятость,Полный рабочий день
11,от 30000 до 30000,Специалист,Временная,Полный рабочий день
12,от 13750,Электромонтер по ремонту и обслуживанию электрооборудования,Полная занятость,Полный рабочий день
13,от 26000,Модельер-конструктор,Полная занятость,Полный рабочий день
14,от 25000 до 25000,Облицовщик-плиточник 3 разряда-3 разряда,Временная,Полный рабочий день
15,от 25000,Арматурщик,Полная занятость,Неполный рабочий день
16,от 13750,Стрелок,Полная занятость,Сменный график
17,от 25000 до 25000,Каменщик 3 разряда-3 разряда,Временная,Полный рабочий день
18,от 30000,Специалист,Полная занятость,Полный рабочий день
19,от 40000 до 40000,Инженер по надзору за строительством,Временная,Полный рабочий день
20,от 25000 до 25000,Монтажник по монтажу стальных и железобетонных конструкций 4 разряда-4 разряда,Временная,Полный рабочий день
21,от 15000,Электромонтер по ремонту воздушных линий электропередачи,Полная занятость,Полный рабочий день
22,от 34500,Инженер-диспетчер групповой,Полная занятость,Полный рабочий день
23,от 20000,Специалист,Полная занятость,Полный рабочий день
24,от 15000,Электромонтер по ремонту и монтажу кабельных линий,Полная занятость,Полный рабочий день
25,от 35000 до 35000,Производитель работ (прораб) (в строительстве),Временная,Полный рабочий день
26,от 29325,Мастер производственного участка,Полная занятость,Полный рабочий день
27,от 25000 до 25000,Маляр 3 разряда-3 разряда,Временная,Полный рабочий день
28,от 13750,Уборщик производственных и служебных помещений,Полная занятость,Полный рабочий день
29,от 22000,Слесарь по ремонту оборудования тепловых сетей,Полная занятость,Полный рабочий день
30,от 43000,Инженер-системный программист,Полная занятость,Полный рабочий день
31,от 25000 до 25000,Электрик участка,Временная,Полный рабочий день
32,от 25000 до 25000,Слесарь-сантехник 4 разряда-4 разряда,Временная,Полный рабочий день
33,от 35000,Инженер-энергетик,Полная занятость,Полный рабочий день
34,от 40000,Механик,Полная занятость,Полный рабочий день
35,от 15000,Электромонтер охранно-пожарной сигнализации,Полная занятость,Полный рабочий день
36,от 20000,Инженер,Полная занятость,Полный рабочий день
37,от 46000 до 46000,"Программист, старший",Полная занятость,Неполный рабочий день
38,от 22000,Электромонтер,Полная занятость,Полный рабочий день
39,от 30000,Специалист,Полная занятость,Сменный график
40,от 20000,Экономист по финансовой работе,Полная занятость,Полный рабочий день
41,от 40000 до 40000,Генеральный директор предприятия,Полная занятость,Полный рабочий день
42,от 22000,Слесарь по контрольно-измерительным приборам и автоматике,Полная занятость,Полный рабочий день
43,от 17000,Психолог,Полная занятость,Полный рабочий день
44,от 30000,Специалист,Полная занятость,Сменный график
45,от 20000 до 20000,Официант,Полная занятость,Сменный график
46,от 13750 до 13750,Наладчик технологического оборудования,Полная занятость,Полный рабочий день
47,от 14512,Водитель автомобиля,Полная занятость,Полный рабочий день
48,от 30000 до 39000,Электромонтер по ремонту и обслуживанию электрооборудования,Полная занятость,Сменный график
49,от 25000 до 25000,Мастер ремонтно-строительной группы,Полная занятость,Полный рабочий день
50,от 35000,Водитель-полицейский,Полная занятость,Полный рабочий день
51,от 13750,Лаборант,Полная занятость,Полный рабочий день
52,от 24000,Сборщик,Полная занятость,Сменный график
53,от 30000 до 30000,Производитель работ (прораб) (в строительстве),Полная занятость,Полный рабочий день
54,от 25000,Водитель автобуса,Полная занятость,Сменный график
55,от 33000 до 33000,Аэродромный рабочий,Полная занятость,Сменный график
56,от 30000 до 30000,Инженер-технолог,Полная занятость,Полный рабочий день
57,от 13750,Тракторист,Полная занятость,Полный рабочий день
58,от 21300 до 21300,Повар судовой,Сезонная,Полный рабочий день
59,от 39000 до 39000,Слесарь-ремонтник,Полная занятость,Сменный график
60,от 30000 до 30000,Главный инженер (в прочих отраслях),Полная занятость,Полный рабочий день
61,от 17700 до 17700,Рулевой моторист,Сезонная,Полный рабочий день
62,от 17000 до 17000,Санитар,Полная занятость,Сменный график
63,от 25000,Водитель автобуса,Полная занятость,Сменный график
64,от 17600 до 17600,Дворник,Полная занятость,Полный рабочий день
65,от 37000,Водитель мототранспортных средств,Полная занятость,Сменный график
66,от 20000 до 20000,Агент торговый,Полная занятость,Полный рабочий день
67,от 13750,Тракторист,Полная занятость,Полный рабочий день
68,от 17600 до 17600,Дворник,Полная занятость,Полный рабочий день
69,от 13750,Грузчик,Полная занятость,Сменный график
70,от 17200 до 20000,Инженер-технолог-пищевой,Полная занятость,Полный рабочий день
71,от 17600 до 17600,Дворник,Полная занятость,Полный рабочий день
72,от 13750,Специалист,Полная занятость,Полный рабочий день
73,от 30000 до 30000,Директор по экономике,Полная занятость,Полный рабочий день
74,от 20000 до 20000,Швея,Временная,Полный рабочий день
75,от 39000,Производитель работ (прораб) (в строительстве),Полная занятость,Полный рабочий день
76,от 17000 до 20000,Фасовщица,Полная занятость,Полный рабочий день
77,от 18000,Швея,Временная,Полный рабочий день
78,от 23000 до 24000,Оператор заправочных станций,Полная занятость,Сменный график
79,от 39000,Переводчик,Полная занятость,Полный рабочий день
80,от 14000,Уборщик производственных и служебных помещений,Полная занятость,Полный рабочий день
81,от 20000,Технолог,Временная,Полный рабочий день
82,от 23000 до 24000,Оператор заправочных станций,Полная занятость,Сменный график
83,от 39000,Инженер,Полная занятость,Полный рабочий день
84,от 18000,Закройщик,Временная,Сменный график
85,от 18000,Рабочий по уходу за животными,Полная занятость,Сменный график
86,от 39000,Врач,Полная занятость,Полный рабочий день
87,от 31000 до 31000,Кассир торгового зала,Полная занятость,Гибкий график
88,от 20000,Швея,Временная,Полный рабочий день
89,от 18000,Рабочий по уходу за животными,Полная занятость,Сменный график
90,от 32000,Штукатур,Полная занятость,Полный рабочий день
91,от 22000,Технолог,Временная,Полный рабочий день
92,от 18000 до 18000,"Специалист, помощник руководителя и специалиста",Полная занятость,Полный рабочий день
93,от 19730,Кассир,Полная занятость,Неполный рабочий день
94,от 18000,Швея,Полная занятость,Полный рабочий день
95,от 18000 до 18000,Специалист,Полная занятость,Полный рабочий день
96,от 13750,Горничная,Полная занятость,Полный рабочий день
97,от 19730,Кассир,Полная занятость,Неполный рабочий день
98,от 18000,Швея,Полная занятость,Полный рабочий день
99,от 20000 до 20000,Специалист,Полная занятость,Полный рабочий день
100,от 16000,Горничная,Сезонная,Полный рабочий день
101,от 25000,Технолог,Полная занятость,Полный рабочий день
102,от 25000,Массажист,Полная занятость,Полный рабочий день
103,от 20000 до 20000,Специалист по кадрам,Полная занятость,Полный рабочий день
104,от 16000,Официант,Полная занятость,Сменный график
105,от 25000,Конструктор,Полная занятость,Полный рабочий день
106,от 40000,Массажист,Полная занятость,Сменный график
107,от 20000,Повар,Полная занятость,Сменный график
108,от 18000,Раскройщик,Полная занятость,Полный рабочий день
109,от 40000 до 40000,Генеральный директор предприятия,Полная занятость,Полный рабочий день
110,от 17000,Водитель погрузчика,Полная занятость,Полный рабочий день
111,от 16500,Электромонтер по ремонту и монтажу кабельных линий,Полная занятость,Полный рабочий день
112,от 40000 до 40000,Инженер-конструктор,Полная занятость,Полный рабочий день
113,от 26000,Клейщик,Полная занятость,Полный рабочий день
114,от 38000 до 38000,Инженер по наладке и испытаниям,Полная занятость,Полный рабочий день
115,от 26000,Термоотделочник швейных изделий,Полная занятость,Полный рабочий день
116,от 18000,Электромонтер по ремонту и обслуживанию электрооборудования,Полная занятость,Полный рабочий день
117,от 55000,Авиационный техник по горюче-смазочным материалам,Полная занятость,Сменный график
118,от 42000 до 42000,Шеф-повар,Полная занятость,Полный рабочий день
119,от 44770,Оператор заправочных станций,Полная занятость,Сменный график
120,от 25900,Врач функциональной диагностики,Полная занятость,Сменный график
121,от 26000,"Комплектовщик материалов, кроя и изделий",Полная занятость,Полный рабочий день
122,от 30000 до 30000,Инженер по сварке,Полная занятость,Полный рабочий день
123,от 80000,Директор по экономике,Полная занятость,Полный рабочий день
124,от 21000,Медицинская сестра,Полная занятость,Сменный график
125,от 26000,Водитель автомобиля,Полная занятость,Полный рабочий день
126,от 25000 до 25000,Техник по наладке и испытаниям,Полная занятость,Полный рабочий день
127,от 75000,Директор департамента,Полная занятость,Полный рабочий день
128,от 26000,Раскройщик,Полная занятость,Полный рабочий день
129,от 18000,Официант,Полная занятость,Сменный график
130,от 13750,Архивист,Полная занятость,Полный рабочий день
131,от 50000 до 50000,Генеральный директор предприятия,Полная занятость,Полный рабочий день
132,от 26000,Контролер материалов и изделий,Полная занятость,Полный рабочий день
133,от 16500,Уборщик производственных и служебных помещений,Полная занятость,Сменный график
134,от 35000 до 45000,"Диспетчер по организации авиационных перевозок (пассажирских, почтово-грузовых, международных)",Полная занятость,Сменный график
135,от 35000,Разметчик,Полная занятость,Полный рабочий день
136,от 31000,Врач-терапевт,Полная занятость,Полный рабочий день
137,от 20000 до 20000,Электромеханик по лифтам,Полная занятость,Полный рабочий день
138,от 26000,Портной,Полная занятость,Полный рабочий день
139,от 30000 до 30000,Врач клинической лабораторной диагностики,Полная занятость,Полный рабочий день
140,от 26000,Оператор швейного оборудования,Полная занятость,Полный рабочий день
141,от 18000 до 20000,Официант,Полная занятость,Сменный график
142,от 47500 до 47500,"Пилот, второй",Полная занятость,Гибкий график
143,от 26000,Раскладчик лекал,Полная занятость,Полный рабочий день
144,от 35000,Шлифовщик,Полная занятость,Полный рабочий день
145,от 14000 до 15000,Гладильщик,Полная занятость,Полный рабочий день
146,от 22900 до 22900,Медицинская сестра кабинета,Полная занятость,Сменный график
147,от 26000,Фурнитурщик,Полная занятость,Полный рабочий день
148,от 14000,Уборщик производственных и служебных помещений,Полная занятость,Полный рабочий день
149,от 20000 до 22000,Медицинская сестра по физиотерапии,Полная занятость,Полный рабочий день
150,от 22900 до 22900,Медицинская сестра,Полная занятость,Сменный график
151,от 22900 до 22900,Медицинская сестра,Полная занятость,Полный рабочий день
152,от 40000,Специалист по системному обслуживанию эвм,Полная занятость,Ненормированный рабочий день
153,от 26000,Контролер материалов и изделий,Полная занятость,Полный рабочий день
154,от 15000,Электромонтер,Полная занятость,Полный рабочий день
155,от 30000 до 30000,Врач ультразвуковой диагностики,Полная занятость,Сменный график
156,от 25000,Инженер,Полная занятость,Полный рабочий день
157,от 26000,Клейщик,Полная занятость,Полный рабочий день
158,от 22900 до 22900,Медицинская сестра по физиотерапии,Полная занятость,Сменный график
159,от 26000,Плиссировщик-гофрировщик,Полная занятость,Полный рабочий день
160,от 30000 до 30000,Врач-невролог,Полная занятость,Сменный график
161,от 16000,Грузчик,Полная занятость,Полный рабочий день
162,от 15000,Монтажник по монтажу стальных и железобетонных конструкций,Полная занятость,Полный рабочий день
163,от 26000,Отделочник материалов и готовых изделий,Полная занятость,Полный рабочий день
164,от 22900 до 22900,Рентгенолаборант,Полная занятость,Сменный график
165,от 15000,Механик,Полная занятость,Полный рабочий день
166,от 26000,Портной,Полная занятость,Полный рабочий день
167,от 36000 до 41000,Грузчик,Полная занятость,Сменный график
168,от 13750,Слесарь-сантехник,Полная занятость,Полный рабочий день
169,от 15000,Асфальтобетонщик,Полная занятость,Полный рабочий день
170,от 30000 до 30000,Врач-отоларинголог,Полная занятость,Сменный график
171,от 15000,Шлифовщик,Полная занятость,Полный рабочий день
172,от 13750 до 25000,Электрогазосварщик,Полная занятость,Полный рабочий день
173,от 40000,Водитель автобуса,Полная занятость,Сменный график
174,от 25000 до 25000,Каменщик 3 разряда-3 разряда,Временная,Полный рабочий день
175,от 20000,Врач санитарный по общей гигиене,Полная занятость,Полный рабочий день
176,от 13750 до 13750,Подсобный рабочий,Временная,Неполный рабочий день
177,от 18000,Пекарь,Полная занятость,Полный рабочий день
178,от 31000 до 31000,Кассир торгового зала,Полная занятость,Гибкий график
179,от 30000,Главный зоотехник,Полная занятость,Полный рабочий день
180,от 30000,Шпаклевщик,Полная занятость,Полный рабочий день
181,от 28000 до 28000,Швея,Временная,Полный рабочий день
182,от 30000,Облицовщик-плиточник,Полная занятость,Полный рабочий день
183,от 20000,Оператор по искусственному осеменению животных и птицы,Полная занятость,Полный рабочий день
184,от 27300 до 27300,Мерчендайзер (специалист по продвижению продукции в торговых сетях),Полная занятость,Гибкий график
185,от 28000 до 28000,Технолог,Временная,Полный рабочий день
186,от 30000,Бригадир животноводства,Полная занятость,Полный рабочий день
187,от 30000,Маляр,Полная занятость,Полный рабочий день
188,от 50000 до 50000,"Бухгалтер, ведущий",Полная занятость,Полный рабочий день
189,от 28000 до 28000,Закройщик,Временная,Сменный график
190,от 20000,Рабочий по уходу за животными,Полная занятость,Сменный график
191,от 30000,Водитель автомобиля,Полная занятость,Полный рабочий день
192,от 35000,Тракторист-машинист сельскохозяйственного производства,Полная занятость,Полный рабочий день
193,от 28000 до 28000,Швея,Временная,Сменный график
194,от 20000 до 20000,Специалист,Полная занятость,Полный рабочий день
195,от 15000,Менеджер (в коммерческой деятельности),Частичная занятость,Неполный рабочий день
196,от 17000,Швея,Временная,Полный рабочий день
197,от 18000,Швея,Полная занятость,Полный рабочий день
198,от 26000,Контролер материалов и изделий,Полная занятость,Полный рабочий день
199,от 30000,Менеджер (в торговле),Полная занятость,Полный рабочий день
200,от 26000,Изготовитель лекал,Полная занятость,Полный рабочий день
201,от 35000 до 35000,Инженер-электрик,Полная занятость,Полный рабочий день
202,от 18000,Электрослесарь (слесарь) дежурный и по ремонту оборудования,Полная занятость,Сменный график
203,от 15500,Мастер производственного обучения,Полная занятость,Полный рабочий день
204,от 26000,Закройщик,Полная занятость,Полный рабочий день
205,от 25000 до 25000,Инженер по внедрению новой техники и технологии,Полная занятость,Полный рабочий день
206,от 18000,Слесарь,Полная занятость,Полный рабочий день
207,от 26000,Швея,Полная занятость,Полный рабочий день
208,от 30000 до 30000,Переводчик технической литературы 2 категории (класса),Полная занятость,Полный рабочий день
209,от 18000,Токарь,Полная занятость,Полный рабочий день
210,от 26000,Художник-конструктор (дизайнер),Полная занятость,Полный рабочий день
211,от 16000,Санитар,Полная занятость,Сменный график
212,от 75000,Директор департамента,Полная занятость,Полный рабочий день
213,от 30000 до 30000,Директор по экономике,Полная занятость,Полный рабочий день
214,от 15000,Швея,Полная занятость,Полный рабочий день
215,от 13800,Электромонтер по эксплуатации распределительных сетей,Полная занятость,Полный рабочий день
216,от 16000 до 24000,Массажист,Полная занятость,Полный рабочий день
217,от 16000,Помощник врача-эпидемиолога,Полная занятость,Полный рабочий день
218,от 16000 до 24000,Массажист,Полная занятость,Полный рабочий день
219,от 25000 до 25000,Штукатур 3 разряда-3 разряда,Временная,Полный рабочий день
220,от 13800,Контролер электромонтажных работ,Полная занятость,Полный рабочий день
221,от 20000,Врач санитарный по общей гигиене,Полная занятость,Полный рабочий день
222,от 37500 до 37500,Массажист,Полная занятость,Полный рабочий день
223,от 20000 до 20000,Электрогазосварщик,Временная,Полный рабочий день
224,от 13800,Электромонтер по эксплуатации распределительных сетей,Полная занятость,Полный рабочий день
225,от 25000 до 25000,Косметик,Полная занятость,Полный рабочий день
226,от 20000,Медицинская сестра,Полная занятость,Полный рабочий день
227,от 25000 до 25000,Монтажник по монтажу стальных и железобетонных конструкций 4 разряда-4 разряда,Временная,Полный рабочий день
228,от 29325,"Инженер-энергетик службы (группы) релейной защиты, автоматики, измерений и телемеханики",Полная занятость,Полный рабочий день
229,от 25000 до 25000,Косметик,Полная занятость,Полный рабочий день
230,от 20000,Младший воспитатель,Полная занятость,Сменный график
231,от 40000 до 40000,Начальник участка (в строительстве),Временная,Полный рабочий день
232,от 34500,Инженер-строитель,Полная занятость,Полный рабочий день
233,от 25000 до 25000,Слесарь-ремонтник,Полная занятость,Полный рабочий день
234,от 20000,Специалист,Полная занятость,Сменный график
235,от 25000 до 25000,Слесарь-сантехник 3 разряда-3 разряда,Временная,Полный рабочий день
236,от 24725,Электромонтер по эксплуатации распределительных сетей,Полная занятость,Полный рабочий день
237,от 20000,Специалист,Полная занятость,Полный рабочий день
238,от 25000 до 25000,Арматурщик 3 разряда-3 разряда,Временная,Полный рабочий день
239,от 15000,Электромонтер по ремонту и монтажу кабельных линий,Полная занятость,Полный рабочий день
240,от 57500,Начальник диспетчерской(производственно-диспетчерской) службы,Полная занятость,Полный рабочий день
241,от 20000,Повар,Полная занятость,Сменный график
242,от 25000 до 25000,Электрик участка,Временная,Полный рабочий день
243,от 22000,Электромонтер по ремонту и обслуживанию электрооборудования,Полная занятость,Полный рабочий день
244,от 38000 до 38000,Фельдшер,Полная занятость,Сменный график
245,от 17045 до 26475,"Преподаватель (в колледжах, университетах и других вузах)",Полная занятость,Полный рабочий день
246,от 26000,Закройщик,Полная занятость,Полный рабочий день
247,от 20000,Техник,Полная занятость,Полный рабочий день
248,от 33000 до 33000,Инженер-технолог,Полная занятость,Полный рабочий день
249,от 26000,Швея,Полная занятость,Полный рабочий день
250,от 26000,Художник-конструктор (дизайнер),Полная занятость,Полный рабочий день
251,от 20000,Врач-бактериолог,Полная занятость,Полный рабочий день
252,от 18000 до 18000,Закройщик,Полная занятость,Полный рабочий день
253,от 10000 до 10000,Водитель автомобиля,Полная занятость,Полный рабочий день
254,от 30000 до 30000,Мастер,Полная занятость,Полный рабочий день
255,от 7500 до 8000,Дворник,Полная занятость,Полный рабочий день
256,от 10000 до 10000,Механизатор комплексн.бригады на погрузочно-разгруз.работах,Полная занятость,Полный рабочий день
257,от 20000 до 20000,Швея,Полная занятость,Полный рабочий день
258,от 8000 до 9000,Уборщик производственных и служебных помещений,Полная занятость,Неполный рабочий день
259,от 30000 до 30000,Агроном,Полная занятость,Полный рабочий день
260,от 12000 до 12000,Экономист,Полная занятость,Полный рабочий день
261,от 8000 до 9000,Уборщик территорий,Полная занятость,Полный рабочий день
262,от 10000 до 10000,Механизатор комплексн.бригады на погрузочно-разгруз.работах,Полная занятость,Полный рабочий день
263,от 8000 до 8000,Подсобный рабочий,Полная занятость,Полный рабочий день
264,от 7500 до 7500,Грузчик,Временная,Неполный рабочий день
265,от 10000 до 10000,Механизатор комплексн.бригады на погрузочно-разгруз.работах,Полная занятость,Полный рабочий день
266,от 8000 до 8000,Уборщик производственных и служебных помещений,Полная занятость,Полный рабочий день
267,от 7500 до 7500,Слесарь-ремонтник,Временная,Неполный рабочий день
268,от 8000 до 8000,Подсобный рабочий,Полная занятость,Полный рабочий день
269,от 8500 до 8500,Мастер,Полная занятость,Полный рабочий день
270,от 7500 до 7500,Столяр,Временная,Неполный рабочий день
271,от 8000 до 8000,Лаборант,Полная занятость,Полный рабочий день
272,от 10000 до 10000,Механизатор комплексн.бригады на погрузочно-разгруз.работах,Полная занятость,Полный рабочий день
273,от 15000 до 15000,Уборщик территорий,Временная,Полный рабочий день
274,от 8000 до 8000,Наладчик технологического оборудования,Полная занятость,Полный рабочий день
275,от 15000 до 15000,Уборщик территорий,Временная,Полный рабочий день
276,от 10000 до 10000,Водитель автомобиля,Полная занятость,Полный рабочий день
277,от 7500 до 7500,Уборщик территорий,Временная,Неполный рабочий день
278,от 8300 до 8300,Тракторист,Полная занятость,Полный рабочий день
279,от 8000 до 8000,Подсобный рабочий,Полная занятость,Полный рабочий день
280,от 9500 до 9500,Солодовщик,Полная занятость,Полный рабочий день
281,от 6204,Главный дизайнер проекта,Полная занятость,Неполный рабочий день
282,от 8000 до 8000,Подсобный рабочий,Полная занятость,Полный рабочий день
283,от 9500 до 9500,Оператор технологических установок,Полная занятость,Полный рабочий день
284,от 6204,Инструктор,Полная занятость,Неполный рабочий день
285,от 8000 до 8000,Подсобный рабочий,Полная занятость,Полный рабочий день
286,от 7500 до 7500,Курьер,Временная,Полный рабочий день
287,от 10000 до 10000,Электрогазосварщик,Полная занятость,Полный рабочий день
288,от 10000 до 10000,Механизатор комплексн.бригады на погрузочно-разгруз.работах,Полная занятость,Полный рабочий день
289,от 7500 до 7500,Фельдшер,Полная занятость,Полный рабочий день
290,от 25000 до 25000,Агроном,Полная занятость,Полный рабочий день
291,от 11370 до 11370,Стропальщик 6 разряда,Полная занятость,Полный рабочий день
292,от 7900 до 7900,Дворник,Полная занятость,Полный рабочий день
293,от 10000 до 10000,Водитель автомобиля,Полная занятость,Полный рабочий день
294,от 8115 до 8115,Рабочий зеленого хозяйства,Полная занятость,Полный рабочий день
295,от 12000 до 12000,Провизор,Полная занятость,Полный рабочий день
296,от 25000 до 25000,Монтажник,Полная занятость,Полный рабочий день
297,от 27343 до 27343,Машинист железнодорожно-строительных машин,Полная занятость,Полный рабочий день
298,от 15000 до 15000,Маникюрша,Полная занятость,Сменный график
299,от 22236 до 22236,Машинист бульдозера,Полная занятость,Полный рабочий день
300,от 7900 до 7900,Охранник,Полная занятость,Полный рабочий день
301,от 35706 до 35706,Мастер дорожный,Полная занятость,Полный рабочий день
302,от 15500 до 17000,Формовщик железобетонных изделий и конструкций 4 разряда,Полная занятость,Полный рабочий день
303,от 7900 до 7900,Охранник,Полная занятость,Сменный график
304,от 16426 до 16426,Стропальщик,Полная занятость,Полный рабочий день
305,от 20000 до 20000,Программист,Полная занятость,Полный рабочий день
306,от 13560 до 13560,Слесарь по ремонту автомобилей,Полная занятость,Полный рабочий день
307,от 20000 до 20000,Электромонтер по ремонту и обслуживанию электрооборудования,Полная занятость,Сменный график
308,от 19039 до 19039,Монтер пути,Полная занятость,Полный рабочий день
309,от 15000 до 15000,Наладчик холодноштамповочного оборудования 4-6 разряда,Полная занятость,Сменный график
310,от 10000 до 10000,Дворник,Полная занятость,Полный рабочий день
311,от 13000 до 13000,Оператор автомат. и полуавтомат. линий холодноштамповочного оборуд. 4-5 разряда,Полная занятость,Сменный график
312,от 35000 до 35000,Менеджер,Полная занятость,Полный рабочий день
313,от 17626 до 17626,Машинист железнодорожно-строительных машин,Полная занятость,Полный рабочий день
314,от 20000 до 20000,Бухгалтер,Полная занятость,Полный рабочий день
315,от 10000 до 10000,Швея,Полная занятость,Полный рабочий день
316,от 19769 до 19769,Машинист крана (крановщик),Полная занятость,Полный рабочий день
317,от 18500 до 19000,"Специалист, ведущий",Полная занятость,Полный рабочий день
318,от 15000 до 15000,Швея,Полная занятость,Полный рабочий день
319,от 20000 до 20000,Секретарь руководителя,Полная занятость,Полный рабочий день
320,от 21000 до 21000,Инженер электросвязи,Полная занятость,Полный рабочий день
321,от 20000 до 20000,Токарь,Полная занятость,Полный рабочий день
322,от 25000 до 25000,Наладчик станков и манипуляторов с программным управлением 5-6 разряда,Полная занятость,Сменный график
323,от 20000 до 20000,Медник,Полная занятость,Полный рабочий день
324,от 18700 до 18700,Инженер электросвязи,Полная занятость,Полный рабочий день
325,от 25000 до 25000,Наладчик машин и автоматических линий по произв. изд. из пластмасс 4 разряда,Полная занятость,Сменный график
326,от 15870 до 15870,Электромеханик связи,Полная занятость,Полный рабочий день
327,от 18200 до 18200,Оператор товарный,Полная занятость,Полный рабочий день
328,от 20000 до 20000,Слесарь по такелажу и грузозахватным приспособлениям,Полная занятость,Полный рабочий день
329,от 7900 до 7900,Подсобный рабочий,Временная,Полный рабочий день
330,от 20000 до 20000,Слесарь-сантехник,Полная занятость,Сменный график
331,от 15000 до 16000,Формовщик железобетонных изделий и конструкций,Полная занятость,Полный рабочий день
332,от 15000 до 15000,Машинист погрузочной машины,Полная занятость,Полный рабочий день
333,от 30000 до 30000,Слесарь по ремонту автомобилей,Полная занятость,Полный рабочий день
334,от 13200 до 17900,"Главный конструктор, заместитель",Полная занятость,Полный рабочий день
335,от 15000 до 15000,Бетонщик,Полная занятость,Полный рабочий день
336,от 30000 до 30000,Фрезеровщик,Полная занятость,Полный рабочий день
337,от 11200 до 15100,"Инженер-проектировщик, ведущий",Полная занятость,Полный рабочий день
338,от 20000 до 20000,Юрисконсульт,Полная занятость,Полный рабочий день
339,от 30000 до 30000,Слесарь по ремонту агрегатов,Полная занятость,Полный рабочий день
340,от 16600 до 16600,Оператор плазмохимических процессов,Полная занятость,Полный рабочий день
341,от 20000 до 20000,Администратор,Полная занятость,Полный рабочий день
342,от 10500 до 10500,Лаборант 3 категории,Полная занятость,Полный рабочий день
343,от 9000 до 9000,Специалист,Полная занятость,Полный рабочий день
344,от 40000 до 40000,Слесарь по ремонту автомобилей,Полная занятость,Полный рабочий день
345,от 15000 до 15000,Слесарь по контрольно-измерительным приборам и автоматике 5 разряда,Полная занятость,Полный рабочий день
346,от 9000 до 9000,Наладчик технологического оборудования,Полная занятость,Полный рабочий день
347,от 35000 до 35000,Механик гаража,Полная занятость,Полный рабочий день
348,от 13700 до 13700,Водитель автомобиля,Полная занятость,Полный рабочий день
349,от 9000 до 9000,Склейщик,Полная занятость,Полный рабочий день
350,от 8900 до 8900,Сборщик обуви,Полная занятость,Полный рабочий день
351,от 8000 до 8000,Грузчик,Полная занятость,Неполный рабочий день
352,от 7500,Секретарь руководителя,Полная занятость,Полный рабочий день
353,от 9000 до 9000,Фельдшер,Полная занятость,Полный рабочий день
354,от 5815,Дворник,Полная занятость,Неполный рабочий день
355,от 8000 до 8000,Грузчик,Полная занятость,Сменный график
356,от 10323 до 10323,Врач,Полная занятость,Полный рабочий день
357,от 5815,Оператор персональных компьютеров,Полная занятость,Неполный рабочий день
358,от 10857 до 10857,Врач,Полная занятость,Полный рабочий день
359,от 10000 до 10000,Слесарь-сантехник,Полная занятость,Полный рабочий день
360,от 9249 до 9249,Фельдшер-лаборант (медицинский лабораторный техник),Полная занятость,Полный рабочий день
361,от 5600,Пекарь,Полная занятость,Неполный рабочий день
362,от 8000 до 8000,Подсобный рабочий,Полная занятость,Полный рабочий день
363,от 15485 до 15485,Врач,Полная занятость,Полный рабочий день
364,от 25000 до 25000,Массажист,Полная занятость,Полный рабочий день
365,от 8000 до 8000,Подсобный рабочий,Полная занятость,Полный рабочий день
366,от 10000 до 10000,Механизатор комплексн.бригады на погрузочно-разгруз.работах,Полная занятость,Полный рабочий день
367,от 8000 до 8000,Швея,Полная занятость,Полный рабочий день
368,от 20000 до 20000,Водитель автомобиля,Полная занятость,Полный рабочий день
369,от 10000 до 10000,Водитель автомобиля,Временная,Полный рабочий день
370,от 7900 до 7900,Слесарь по ремонту автомобилей,Полная занятость,Полный рабочий день
371,от 12650 до 12650,Сборщик трансформаторов 5 разряда,Полная занятость,Полный рабочий день
372,от 8000 до 8000,Подсобный рабочий,Полная занятость,Полный рабочий день
373,от 20799 до 20799,Машинист тепловоза,Полная занятость,Полный рабочий день
374,от 15000 до 15000,Бухгалтер,Полная занятость,Полный рабочий день
375,от 10000 до 10000,Механизатор комплексн.бригады на погрузочно-разгруз.работах,Полная занятость,Полный рабочий день
376,от 10000 до 10000,Механизатор комплексн.бригады на погрузочно-разгруз.работах,Временная,Полный рабочий день
377,от 7900 до 7900,Повар,Полная занятость,Полный рабочий день
378,от 10000 до 10000,Водитель автомобиля,Полная занятость,Полный рабочий день
379,от 12000 до 12000,Электрик участка,Полная занятость,Полный рабочий день
380,от 12000 до 12000,Программист,Полная занятость,Полный рабочий день
381,от 29595 до 29595,Машинист железнодорожно-строительных машин,Полная занятость,Полный рабочий день
382,от 12000 до 12000,Менеджер (в коммерческой деятельности),Полная занятость,Сменный график
383,от 15000 до 15000,Парикмахер,Полная занятость,Сменный график
